{
    "Project Name": "Example",
    "Project Directory": "../Example",
    "Asset Directory": "../Example\\Assets",
    "Last Build Date": "2024-09-02 11:30:41",
    "Scenes": {
        "": {
            "Scene Settings": {
                "Depth Testing": 1,
                "Culling": 0,
                "Winding Order": 2,
                "Blending Source": 0,
                "Blending Destination": 0,
                "Filling Mode": 3,
                "Environment Map": 14265145243090405190,
                "Level Of Detail": 0.0,
                "Gradient": 1.0,
                "Clear Color": [
                    1.0,
                    0.5124555230140686,
                    0.5124555230140686,
                    1.0
                ],
                "Bloom Enabled": true,
                "Bloom Threshold": 8.069999694824219,
                "Bloom Intensity": 0.75,
                "Bloom Filter Radius": 0.004999999888241291
            },
            "Entities": {
                "Quad": {
                    "Transform": {
                        "Position": [
                            1.0,
                            0.699999988079071,
                            -1.7000000476837158
                        ],
                        "Scale": [
                            1.0,
                            1.0,
                            1.0
                        ],
                        "Rotation": [
                            -1.399999976158142,
                            84.0,
                            -0.6000000238418579
                        ]
                    },
                    "Mesh": "##Quad",
                    "Material": {
                        "Ambient": [
                            0.0,
                            0.0,
                            0.0,
                            0.0
                        ],
                        "Albedo": [
                            0.0,
                            0.0,
                            0.0,
                            0.0
                        ],
                        "Metallic": 0.0,
                        "Emission": [
                            0.9466192126274109,
                            0.28297513723373413,
                            0.28297513723373413,
                            0.0
                        ],
                        "Emission Factor": 20.0,
                        "Roughness": 0.0
                    }
                },
                "Bunny": {
                    "Transform": {
                        "Position": [
                            0.0,
                            1.600000023841858,
                            -0.800000011920929
                        ],
                        "Scale": [
                            10.0,
                            10.0,
                            10.0
                        ],
                        "Rotation": [
                            0.800000011920929,
                            -89.69999694824219,
                            0.0
                        ]
                    },
                    "Model": 4920172149060857114
                },
                "Light": {
                    "Directional Light": {
                        "Color": [
                            1.0,
                            1.0,
                            1.0,
                            0.0
                        ],
                        "Direction": [
                            1.0,
                            1.0,
                            0.0
                        ],
                        "Intensity": 16.899999618530273
                    }
                },
                "Cube": {
                    "Transform": {
                        "Position": [
                            0.0,
                            0.0,
                            0.0
                        ],
                        "Scale": [
                            1.0,
                            1.0,
                            1.0
                        ],
                        "Rotation": [
                            0.0,
                            0.0,
                            0.0
                        ]
                    },
                    "Mesh": "##Cube",
                    "Material": {
                        "Ambient": [
                            0.0,
                            0.0,
                            0.0,
                            0.0
                        ],
                        "Albedo": [
                            0.0,
                            0.0,
                            0.0,
                            0.0
                        ],
                        "Metallic": 0.0,
                        "Emission": [
                            0.9340687394142151,
                            1.0,
                            0.024911046028137207,
                            0.0
                        ],
                        "Emission Factor": 20.0,
                        "Roughness": 0.0
                    }
                },
                "Camera": {
                    "Script": 8053089691323146172,
                    "Perspective Camera": {
                        "Fov": 60.0,
                        "Aspect Ratio": 1.7777777910232544,
                        "Near": 0.10000000149011612,
                        "Far": 100.16999816894531,
                        "Position": [
                            -5.679999828338623,
                            2.119999885559082,
                            -1.7200000286102295
                        ],
                        "Front": [
                            6.0,
                            0.4699999988079071,
                            1.590000033378601
                        ],
                        "Up": [
                            0.0,
                            -1.0,
                            0.0
                        ],
                        "In Use": true
                    }
                },
                "Second Quad": {
                    "Transform": {
                        "Position": [
                            6.099999904632568,
                            2.299999952316284,
                            -3.5999999046325684
                        ],
                        "Scale": [
                            5.0,
                            5.0,
                            5.0
                        ],
                        "Rotation": [
                            0.0,
                            90.0,
                            0.0
                        ]
                    },
                    "Mesh": "##Quad",
                    "Material": {
                        "Ambient": [
                            0.0,
                            0.0,
                            0.0,
                            0.0
                        ],
                        "Albedo": [
                            0.0,
                            0.0,
                            0.0,
                            0.0
                        ],
                        "Metallic": 0.0,
                        "Emission Image": 6829518503595925466,
                        "Emission": [
                            0.7747434973716736,
                            0.15759678184986115,
                            0.8683273792266846,
                            0.0
                        ],
                        "Emission Factor": 21.899999618530273,
                        "Roughness": 0.0
                    }
                }
            }
        }
    },
    "Assets": {
        "4920172149060857114": {
            "Type": "Model",
            "Path": "standford-bunny.obj"
        },
        "6829518503595925466": {
            "Type": "Image",
            "Path": "amazing.png"
        },