{
    "Project Name": "Sandbox",
    "Project Directory": "D:\\Dev\\TooGoodEngine-NEA\\GoodEditor",
    "Asset Directory": "D:\\Dev\\TooGoodEngine-NEA\\GoodEditor\\Assets",
    "Last Build Date": "2024-08-14 13:45:40",
    "Scenes": {
        "Scene 1": {
            "Scene Settings": {
                "Depth Testing": 1,
                "Culling": 0,
                "Winding Order": 2,
                "Blending Source": 0,
                "Blending Destination": 0,
                "Filling Mode": 3,
                "Enviroment Map": 15850235946479761981,
                "Level Of Detail": 2.0,
                "Gradient": 1.0,
                "Clear Color": [
                    0.0,
                    0.0,
                    0.0,
                    1.0
                ]
            },
            "Entities": {
                "Entity 1": {
                    "Transform": {
                        "Position": [
                            0.10000000149011612,
                            0.0,
                            1.2999999523162842
                        ],
                        "Scale": [
                            0.5,
                            0.5,
                            1.0
                        ],
                        "Rotation": [
                            -2.9000000953674316,
                            -352.5,
                            -2.200000047683716
                        ]
                    },
                    "Mesh": "##Quad",
                    "Material": {
                        "Ambient": [
                            0.9679715037345886,
                            0.9679715037345886,
                            0.9679715037345886,
                            1.0
                        ],
                        "Albedo": [
                            1.0,
                            0.836298942565918,
                            0.836298942565918,
                            1.0
                        ],
                        "Albedo Factor": 0.029999999329447746,
                        "Metallic": [
                            1.0,
                            1.0,
                            1.0,
                            1.0
                        ],
                        "Metallic Factor": 0.0,
                        "Emission": [
                            0.0,
                            0.0,
                            0.0,
                            0.8600000143051147
                        ],
                        "Emission Factor": 0.0,
                        "Roughness": 1.0
                    },
                    "Point Light": {
                        "Color": [
                            0.900355875492096,
                            0.0,
                            0.0,
                            1.0
                        ],
                        "Position": [
                            0.20000000298023224,
                            0.0,
                            5.900000095367432
                        ],
                        "Radius": 112.9000015258789,
                        "Intensity": 2.700000047683716
                    }
                },
                "Entity 2": {
                    "Children": [
                        "Entity 1"
                    ],
                    "Transform": {
                        "Position": [
                            0.0,
                            0.5,
                            9.0
                        ],
                        "Scale": [
                            4.099999904632568,
                            3.299999952316284,
                            2.5999999046325684
                        ],
                        "Rotation": [
                            -390.5,
                            143.60000610351563,
                            446.79998779296875
                        ]
                    },
                    "Mesh": "##Cube",
                    "Material": {
                        "Ambient Image": 7782581346362730783,
                        "Ambient": [
                            0.11667787283658981,
                            0.8286183476448059,
                            0.8861209750175476,
                            1.0
                        ],
                        "Albedo": [
                            1.0,
                            0.982206404209137,
                            0.982206404209137,
                            1.0
                        ],
                        "Albedo Factor": 6.690000057220459,
                        "Metallic": [
                            0.0,
                            0.0,
                            0.0,
                            1.0
                        ],
                        "Metallic Factor": 0.0,
                        "Emission": [
                            0.0,
                            0.0,
                            0.0,
                            1.0
                        ],
                        "Emission Factor": 0.0,
                        "Roughness": 0.019999999552965164
                    },
                    "Directional Light": {
                        "Color": [
                            1.0,
                            1.0,
                            1.0,
                            1.0
                        ],
                        "Direction": [
                            0.9100000262260437,
                            0.18000000715255737,
                            -0.27000001072883606
                        ],
                        "Intensity": 0.5
                    }
                }
            }
        }
    },
    "Assets": {
        "7782581346362730783": {
            "Type": "Image",
            "Path": "Untitled.png"
        },
        "14939208089898045512": {
            "Type": "Image",
            "Path": "plywood_diff_1k.png"
        },
        "15850235946479761981": {
            "Type": "EnviormentMap",
            "Path": "test.hdr"
        }
    }
}