{
    "Project Name": "Sandbox",
    "Project Directory": "D:\\Dev\\TooGoodEngine-NEA\\GoodEditor",
    "Last Build Date": "2024-08-11 15:03:35",
    "Scenes": {
        "Scene 1": {
            "Entities": {
                "Entity 1": {
                    "Transform": {
                        "Position": [
                            0.10000000149011612,
                            0.0,
                            1.2999999523162842
                        ],
                        "Scale": [
                            0.5,
                            0.5,
                            1.0
                        ],
                        "Rotation": [
                            0.10000000149011612,
                            1.1754943508222875e-38,
                            0.0
                        ]
                    },
                    "Mesh": "##Quad",
                    "Material": {
                        "Ambient": [
                            0.0,
                            0.0,
                            0.0,
                            1.0
                        ],
                        "Albedo Image": "D:\\Dev\\TooGoodEngine-NEA\\GoodEditor\\Assets\\plywood_diff_1k.png",
                        "Albedo": [
                            1.0,
                            1.0,
                            1.0,
                            1.0
                        ],
                        "Albedo Factor": 1.0,
                        "Metallic": [
                            1.0,
                            1.0,
                            1.0,
                            1.0
                        ],
                        "Metallic Factor": 0.0,
                        "Emission": [
                            1.0,
                            0.0,
                            1.0,
                            0.8600000143051147
                        ],
                        "Emission Factor": 0.0,
                        "Roughness": 0.0
                    }
                },
                "Entity 2": {
                    "Children": [
                        "Entity 1"
                    ],
                    "Transform": {
                        "Position": [
                            0.0,
                            0.0,
                            9.0
                        ],
                        "Scale": [
                            10.899999618530273,
                            9.100000381469727,
                            1.600000023841858
                        ],
                        "Rotation": [
                            0.0,
                            0.0,
                            360.0
                        ]
                    },
                    "Mesh": "##Quad",
                    "Material": {
                        "Ambient": [
                            0.0,
                            0.0,
                            0.0,
                            1.0
                        ],
                        "Albedo": [
                            1.0,
                            1.0,
                            1.0,
                            1.0
                        ],
                        "Albedo Factor": 1.0,
                        "Metallic": [
                            1.0,
                            1.0,
                            1.0,
                            1.0
                        ],
                        "Metallic Factor": 0.0,
                        "Emission": [
                            1.0,
                            0.0,
                            1.0,
                            0.8600000143051147
                        ],
                        "Emission Factor": 0.0,
                        "Roughness": 0.0
                    }
                }
            }
        }
    }
}