{
    "Project Name": "Sandbox",
    "Project Directory": "D:\\Dev\\TooGoodEngine-NEA\\GoodEditor",
    "Last Build Date": "2024-08-09 20:43:07",
    "Scenes": {
        "Scene 1": {
            "Entities": {
                "Entity 1": {
                    "Transform": {
                        "Position": [
                            0.10000000149011612,
                            0.0,
                            1.0
                        ],
                        "Scale": [
                            0.5,
                            0.5,
                            1.0
                        ],
                        "Rotation": [
                            6.400000095367432,
                            1.1754943508222875e-38,
                            1.0
                        ]
                    },
                    "Mesh": "##Quad",
                    "Material": {
                        "Ambient": [
                            0.0,
                            0.5600000023841858,
                            0.0,
                            1.0
                        ],
                        "Albedo Image": "D:\\Dev\\TooGoodEngine-NEA\\GoodEditor\\textures\\lemon_diff_4k.png",
                        "Albedo Factor": 2.869999885559082,
                        "Metallic": [
                            0.0,
                            1.0,
                            1.0,
                            1.0
                        ],
                        "Metallic Factor": 1.0,
                        "Emission": [
                            0.0,
                            0.0,
                            0.0,
                            0.0
                        ],
                        "Emission Factor": 3.4000000953674316,
                        "Roughness": 1.0
                    }
                },
                "Entity 2": {
                    "Children": [
                        0
                    ],
                    "Transform": {
                        "Position": [
                            1.100000023841858,
                            -5.877471754111438e-39,
                            1.2000000476837158
                        ],
                        "Scale": [
                            8.800000190734863,
                            4.900000095367432,
                            3.200000047683716
                        ],
                        "Rotation": [
                            6.900000095367432,
                            170.89999389648438,
                            472.70001220703125
                        ]
                    },
                    "Mesh": "##Quad"
                }
            }
        }
    }
}