{
    "Project Name": "Sandbox",
    "Project Directory": "D:\\Dev\\TooGoodEngine-NEA\\GoodEditor",
    "Asset Directory": "D:\\Dev\\TooGoodEngine-NEA\\GoodEditor\\Assets",
    "Last Build Date": "2024-08-21 14:03:25",
    "Scenes": {
        "Scene 1": {
            "Scene Settings": {
                "Depth Testing": 1,
                "Culling": 0,
                "Winding Order": 2,
                "Blending Source": 0,
                "Blending Destination": 0,
                "Filling Mode": 3,
                "Level Of Detail": 0.0,
                "Gradient": 1.0,
                "Clear Color": [
                    0.6274510025978088,
                    0.4156862795352936,
                    0.4156862795352936,
                    1.0
                ],
                "Bloom Enabled": true,
                "Bloom Threshold": 1.0,
                "Bloom Intensity": 0.5199999809265137
            },
            "Entities": {
                "testing testing": {
                    "Transform": {
                        "Position": [
                            -1.0300003290176392,
                            6.300000190734863,
                            1.2999999523162842
                        ],
                        "Scale": [
                            3.700000047683716,
                            2.5999999046325684,
                            1.0
                        ],
                        "Rotation": [
                            0.0,
                            0.0,
                            0.0
                        ]
                    },
                    "Mesh": "##Quad",
                    "Material": {
                        "Ambient": [
                            1.0,
                            1.0,
                            1.5269999504089355,
                            1.0
                        ],
                        "Albedo": [
                            0.8007117509841919,
                            0.12252884358167648,
                            0.12252884358167648,
                            1.0
                        ],
                        "Albedo Factor": 0.009999999776482582,
                        "Metallic": [
                            1.0,
                            1.0,
                            1.0,
                            1.0
                        ],
                        "Metallic Factor": 0.0,
                        "Emission": [
                            0.0,
                            0.0,
                            0.0,
                            0.8600000143051147
                        ],
                        "Emission Factor": 0.0,
                        "Roughness": 0.0
                    },
                    "Point Light": {
                        "Color": [
                            0.2704879641532898,
                            1.0,
                            0.028469741344451904,
                            1.0
                        ],
                        "Position": [
                            2.5999999046325684,
                            3.799999952316284,
                            -3.4000000953674316
                        ],
                        "Radius": 5.599999904632568,
                        "Intensity": 50.599998474121094
                    }
                },
                "yo": {
                    "Children": [
                        "testing testing"
                    ],
                    "Transform": {
                        "Position": [
                            -3.200000047683716,
                            2.5999999046325684,
                            -3.4000000953674316
                        ],
                        "Scale": [
                            4.099999904632568,
                            3.299999952316284,
                            2.5999999046325684
                        ],
                        "Rotation": [
                            0.0,
                            -31.100000381469727,
                            0.0
                        ]
                    },
                    "Mesh": "##Cube",
                    "Material": {
                        "Ambient": [
                            0.0,
                            0.0,
                            0.0,
                            0.9843137264251709
                        ],
                        "Albedo Image": 15661027670790162587,
                        "Albedo": [
                            1.0,
                            1.0,
                            1.0,
                            1.0
                        ],
                        "Albedo Factor": 0.800000011920929,
                        "Metallic": [
                            0.5338078737258911,
                            0.4787173867225647,
                            0.4787173867225647,
                            1.0
                        ],
                        "Metallic Factor": 1.0,
                        "Emission": [
                            0.0,
                            0.0,
                            0.0,
                            1.0
                        ],
                        "Emission Factor": 4.0,
                        "Roughness": 0.0
                    },
                    "Directional Light": {
                        "Color": [
                            0.008966442197561264,
                            0.8398576378822327,
                            0.8132454752922058,
                            1.0
                        ],
                        "Direction": [
                            -1.0,
                            0.2199999988079071,
                            -0.12999999523162842
                        ],
                        "Intensity": 24.399999618530273
                    }
                },
                "nice": {
                    "Transform": {
                        "Position": [
                            0.0,
                            0.0,
                            0.0
                        ],
                        "Scale": [
                            1.0,
                            1.0,
                            1.0
                        ],
                        "Rotation": [
                            0.0,
                            0.0,
                            0.0
                        ]
                    },
                    "Material": {
                        "Ambient": [
                            0.0,
                            0.0,
                            0.0,
                            0.0
                        ],
                        "Albedo": [
                            0.0,
                            0.0,
                            0.0,
                            0.0
                        ],
                        "Albedo Factor": 0.0,
                        "Metallic": [
                            0.0,
                            0.0,
                            0.0,
                            0.0
                        ],
                        "Metallic Factor": 0.0,
                        "Emission": [
                            0.0,
                            0.0,
                            0.0,
                            0.0
                        ],
                        "Emission Factor": 0.0,
                        "Roughness": 0.0
                    },
                    "Model": 8765043499549219097,
                    "Script": 902092566008785236,
                    "Perspective Camera": {
                        "Fov": 90.0,
                        "Aspect Ratio": 1.7777777910232544,
                        "Near": 0.10000000149011612,
                        "Far": 100.0,