{
    "Project Name": "Sandbox",
    "Project Directory": "D:\\Dev\\TooGoodEngine-NEA\\GoodEditor",
    "Asset Directory": "D:\\Dev\\TooGoodEngine-NEA\\GoodEditor\\Assets",
    "Last Build Date": "2024-08-14 22:54:02",
    "Scenes": {
        "Scene 1": {
            "Scene Settings": {
                "Depth Testing": 1,
                "Culling": 0,
                "Winding Order": 2,
                "Blending Source": 0,
                "Blending Destination": 0,
                "Filling Mode": 3,
                "Environment Map": 9944323375055699610,
                "Level Of Detail": 0.0,
                "Gradient": 1.0,
                "Clear Color": [
                    0.23622047901153564,
                    0.1599603295326233,
                    0.1599603295326233,
                    1.0
                ]
            },
            "Entities": {
                "Entity 1": {
                    "Transform": {
                        "Position": [
                            0.10000000149011612,
                            0.0,
                            1.2999999523162842
                        ],
                        "Scale": [
                            0.5,
                            0.5,
                            1.0
                        ],
                        "Rotation": [
                            -80.0999984741211,
                            -355.3999938964844,
                            -0.10000000149011612
                        ]
                    },
                    "Mesh": "##Quad",
                    "Material": {
                        "Ambient": [
                            0.0,
                            0.1560770571231842,
                            0.2775800824165344,
                            1.0
                        ],
                        "Albedo": [
                            0.8007117509841919,
                            0.12252884358167648,
                            0.12252884358167648,
                            1.0
                        ],
                        "Albedo Factor": 0.009999999776482582,
                        "Metallic": [
                            1.0,
                            1.0,
                            1.0,
                            1.0
                        ],
                        "Metallic Factor": 0.0,
                        "Emission": [
                            0.0,
                            0.0,
                            0.0,
                            0.8600000143051147
                        ],
                        "Emission Factor": 0.0,
                        "Roughness": 0.0
                    },
                    "Point Light": {
                        "Color": [
                            0.900355875492096,
                            0.0,
                            0.0,
                            1.0
                        ],
                        "Position": [
                            0.20000000298023224,
                            0.0,
                            5.900000095367432
                        ],
                        "Radius": 112.9000015258789,
                        "Intensity": 2.700000047683716
                    }
                },
                "Entity 2": {
                    "Children": [
                        "Entity 1"
                    ],
                    "Transform": {
                        "Position": [
                            -3.9000000953674316,
                            2.5999999046325684,
                            -3.4000000953674316
                        ],
                        "Scale": [
                            4.099999904632568,
                            3.299999952316284,
                            2.5999999046325684
                        ],
                        "Rotation": [
                            0.0,
                            -39.29999923706055,
                            0.0
                        ]
                    },
                    "Mesh": "##Cube",
                    "Material": {
                        "Ambient": [
                            0.0,
                            0.0,
                            0.0,
                            0.9843137264251709
                        ],
                        "Albedo": [
                            1.0,
                            0.0,
                            0.0,
                            1.0
                        ],
                        "Albedo Factor": 6.690000057220459,
                        "Metallic": [
                            0.0,
                            0.0,
                            0.0,
                            1.0
                        ],
                        "Metallic Factor": 0.0,
                        "Emission": [
                            0.0,
                            0.0,
                            0.0,
                            1.0
                        ],
                        "Emission Factor": 0.0,
                        "Roughness": 0.0
                    },
                    "Directional Light": {
                        "Color": [
                            0.9786477088928223,
                            0.17065384984016418,
                            0.17065384984016418,
                            1.0
                        ],
                        "Direction": [
                            -1.0,
                            1.0,
                            0.0
                        ],
                        "Intensity": 98.0
                    }
                },
                "Entity2": {
                    "Transform": {
                        "Position": [
                            0.0,
                            0.0,
                            0.0
                        ],
                        "Scale": [
                            1.0,
                            1.0,
                            1.0
                        ],
                        "Rotation": [
                            0.0,
                            0.0,
                            0.0
                        ]
                    },
                    "Directional Light": {
                        "Color": [
                            0.6569823026657104,
                            0.0,
                            0.7046263217926025,
                            1.0
                        ],
                        "Direction": [
                            -1.0,
                            1.0,
                            -1.0
                        ],
                        "Intensity": 52.0
                    }
                }
            }
        }
    },
    "Assets": {
        "4685489096643726146": {
            "Type": "Image",
            "Path": "Untitled.png"
        },
        "8765043499549219097": {
            "Type": "Model",
            "Path": "untitled.obj"
        },
        "9311347687154038401": {
            "Type": "EnvironmentMap",
            "Path": "test.hdr"
        },
        "9944323375055699610": {
            "Type": "EnvironmentMap",
            "Path": "test1.hdr"
        },
        "15661027670790162587": {
            "Type": "Image",
            "Path": "plywood_diff_1k.png"
        }
    }
}